{
    "Empty_00000000ce4604a0000000000000000000000001": {
        "contracts": [
            {
                "address": "00000000ce4604a0000000000000000000000001",
                "allMethods": [],
                "bytecode": "60806040525f80fdfea264697066735822122061dd28736499b138edc076e1402d63e4e31a79cb0e02f42fd671ddbc6f97c8f464736f6c63430008180033",
                "compilerName": "solc",
                "compilerParameters": {
                    "optimizerOn": false,
                    "optimizerRuns": null,
                    "type": "SolcParameters",
                    "viaIR": false
                },
                "compilerVersion": "0.8.24",
                "constructorBytecode": "6080604052348015600e575f80fd5b50603e80601a5f395ff3fe60806040525f80fdfea264697066735822122061dd28736499b138edc076e1402d63e4e31a79cb0e02f42fd671ddbc6f97c8f464736f6c63430008180033",
                "constructorSrcmap": "25:18:0:-:0;;;;;;;;;;;;;;;;;;;",
                "file": "Empty.sol",
                "immutables": [],
                "internalFunctions": {},
                "is_static_address": false,
                "lang": "Solidity",
                "methods": [],
                "name": "Empty",
                "original_file": "Empty.sol",
                "solidityTypes": [],
                "sourceBytes": {
                    "begin": 25,
                    "size": 18
                },
                "srcmap": "25:18:0:-:0;;;;;",
                "storageLayout": {
                    "storage": [],
                    "types": null
                },
                "varmap": ""
            }
        ],
        "legacyStructLinking": {},
        "library_addresses": [],
        "primary_contract": "Empty",
        "primary_contract_address": "00000000ce4604a0000000000000000000000001",
        "prototypeFor": [],
        "sdc_name": "Empty.sol_0",
        "sourceDir": ".post_autofinders.0",
        "srclist": {
            "0": "Empty.sol"
        },
        "state": {},
        "structLinkingInfo": {}
    }
}